event_id,aoi_id,acquisition_local,acquisition_utc,asset_id,coverage_percent,instrument_mode,orbit_pass,platform,polarization,relative_orbit,resolution_m,scene_id,slice_number,total_slices
EV2_Nov_2025,PP1_AOI_KELANI_01,2025-11-26 05:55,2025-11-26 00:25,S1A_IW_GRDH_1SDV_20251126T002515_20251126T002540_062041_07C2FF_C9CA,56.693059976850066,IW,DESCENDING,A,"VV,VH",19,10,S1A_IW_GRDH_1SDV_20251126T002515_20251126T002540_062041_07C2FF_C9CA,2,3
EV2_Nov_2025,PP1_AOI_KELANI_01,2025-11-26 05:55,2025-11-26 00:25,S1A_IW_GRDH_1SDV_20251126T002540_20251126T002605_062041_07C2FF_436D,43.3739123292749,IW,DESCENDING,A,"VV,VH",19,10,S1A_IW_GRDH_1SDV_20251126T002540_20251126T002605_062041_07C2FF_436D,3,3
EV2_Nov_2025,PP1_AOI_KELANI_01,2025-11-26 18:19,2025-11-26 12:49,S1A_IW_GRDH_1SDV_20251126T124916_20251126T124945_062049_07C34E_59F5,6.576538174350803,IW,ASCENDING,A,"VV,VH",27,10,S1A_IW_GRDH_1SDV_20251126T124916_20251126T124945_062049_07C34E_59F5,1,3
EV2_Nov_2025,PP1_AOI_KELANI_01,2025-11-26 18:19,2025-11-26 12:49,S1A_IW_GRDH_1SDV_20251126T124945_20251126T125010_062049_07C34E_7522,3.0849464912245206,IW,ASCENDING,A,"VV,VH",27,10,S1A_IW_GRDH_1SDV_20251126T124945_20251126T125010_062049_07C34E_7522,2,3
EV2_Nov_2025,PP1_AOI_KELANI_01,2025-12-02 05:54,2025-12-02 00:24,S1C_IW_GRDH_1SDV_20251202T002429_20251202T002454_005265_00A742_E36B,100.0,IW,DESCENDING,C,"VV,VH",19,10,S1C_IW_GRDH_1SDV_20251202T002429_20251202T002454_005265_00A742_E36B,3,4
EV2_Nov_2025,PP1_AOI_KELANI_01,2025-12-02 18:18,2025-12-02 12:48,S1C_IW_GRDH_1SDV_20251202T124832_20251202T124857_005273_00A78E_A160,9.728797066381267,IW,ASCENDING,C,"VV,VH",27,10,S1C_IW_GRDH_1SDV_20251202T124832_20251202T124857_005273_00A78E_A160,2,6
EV2_Nov_2025,PP1_AOI_KELANI_01,2025-12-08 05:55,2025-12-08 00:25,S1A_IW_GRDH_1SDV_20251208T002514_20251208T002539_062216_07C9DD_3058,56.73373564722806,IW,DESCENDING,A,"VV,VH",19,10,S1A_IW_GRDH_1SDV_20251208T002514_20251208T002539_062216_07C9DD_3058,2,3
EV2_Nov_2025,PP1_AOI_KELANI_01,2025-12-08 05:55,2025-12-08 00:25,S1A_IW_GRDH_1SDV_20251208T002539_20251208T002604_062216_07C9DD_8F42,43.333317879648725,IW,DESCENDING,A,"VV,VH",19,10,S1A_IW_GRDH_1SDV_20251208T002539_20251208T002604_062216_07C9DD_8F42,3,3
EV2_Nov_2025,PP1_AOI_KELANI_01,2025-12-08 18:19,2025-12-08 12:49,S1A_IW_GRDH_1SDV_20251208T124915_20251208T124944_062224_07CA2A_DE72,6.686733152368631,IW,ASCENDING,A,"VV,VH",27,10,S1A_IW_GRDH_1SDV_20251208T124915_20251208T124944_062224_07CA2A_DE72,1,3
EV2_Nov_2025,PP1_AOI_KELANI_01,2025-12-08 18:19,2025-12-08 12:49,S1A_IW_GRDH_1SDV_20251208T124944_20251208T125009_062224_07CA2A_0274,3.1083114923406794,IW,ASCENDING,A,"VV,VH",27,10,S1A_IW_GRDH_1SDV_20251208T124944_20251208T125009_062224_07CA2A_0274,2,3
EV2_Nov_2025,PP1_AOI_KELANI_01,2025-12-20 05:55,2025-12-20 00:25,S1A_IW_GRDH_1SDV_20251220T002512_20251220T002537_062391_07D0AD_947D,56.707924919318074,IW,DESCENDING,A,"VV,VH",19,10,S1A_IW_GRDH_1SDV_20251220T002512_20251220T002537_062391_07D0AD_947D,2,3
EV2_Nov_2025,PP1_AOI_KELANI_01,2025-12-20 05:55,2025-12-20 00:25,S1A_IW_GRDH_1SDV_20251220T002537_20251220T002603_062391_07D0AD_0184,43.35877836070651,IW,DESCENDING,A,"VV,VH",19,10,S1A_IW_GRDH_1SDV_20251220T002537_20251220T002603_062391_07D0AD_0184,3,3
EV2_Nov_2025,PP1_AOI_KELANI_01,2025-12-20 18:19,2025-12-20 12:49,S1A_IW_GRDH_1SDV_20251220T124913_20251220T124942_062399_07D0F4_1C58,6.544987450491019,IW,ASCENDING,A,"VV,VH",27,10,S1A_IW_GRDH_1SDV_20251220T124913_20251220T124942_062399_07D0F4_1C58,1,3
EV2_Nov_2025,PP1_AOI_KELANI_01,2025-12-20 18:19,2025-12-20 12:49,S1A_IW_GRDH_1SDV_20251220T124942_20251220T125007_062399_07D0F4_44F9,3.0857493276443835,IW,ASCENDING,A,"VV,VH",27,10,S1A_IW_GRDH_1SDV_20251220T124942_20251220T125007_062399_07D0F4_44F9,2,3
